datetime,latitude,longitude,altitude,track,heading,speed,name,code,site
2023-04-29 11:00:03.000,-22.446619868782097,148.43387667547827,142.254,95.917,251.4654,0.567,DZ8032,DZ8032,VER
2023-04-29 11:00:08.000,-22.44661812614292,148.43393191920958,142.826,87.697,251.4654,1.363,DZ8032,DZ8032,VER
2023-04-29 11:00:20.000,-22.44661255682241,148.43388260099118,141.857,274.345,274.34515,1.053,DZ8032,DZ8032,VER
2023-04-29 11:00:26.000,-22.446611232310175,148.433827093813,141.531,275.171,275.17166,0.786,DZ8032,DZ8032,VER
2023-04-29 11:00:31.000,-22.446612824680987,148.4337704537869,141.34,281.031,281.03116,1.31,DZ8032,DZ8032,VER
2023-04-29 11:00:35.000,-22.4466095869007,148.43372198112812,140.61,282.47,282.47055,1.282,DZ8032,DZ8032,VER
2023-04-29 11:00:59.000,-22.446618340411504,148.43367061188806,139.573,268.872,268.8729,1.228,DZ8032,DZ8032,VER
2023-04-29 11:01:05.000,-22.446614664135176,148.4336222272982,137.992,269.298,269.29822,0.737,DZ8032,DZ8032,VER
2023-04-29 11:01:10.000,-22.446611288602124,148.43356592044307,137.221,278.557,278.55722,1.013,DZ8032,DZ8032,VER
2023-04-29 11:01:18.000,-22.446612695504374,148.43351376513533,136.346,268.068,268.06805,0.562,DZ8032,DZ8032,VER
2023-04-29 11:01:32.000,-22.44661778104709,148.4334520118929,134.747,274.294,274.29456,0.97,DZ8032,DZ8032,VER
2023-04-29 11:01:38.000,-22.446625466510763,148.43339242816432,134.363,270.21,270.2105,1.257,DZ8032,DZ8032,VER
2023-04-29 11:01:43.000,-22.44661681132909,148.4334409885775,134.771,87.321,287.03012,1.231,DZ8032,DZ8032,VER
2023-04-29 11:01:47.000,-22.44661707591651,148.43348999899683,134.884,73.816,287.03012,0.971,DZ8032,DZ8032,VER
2023-04-29 11:01:54.000,-22.44661426059238,148.4335413093772,136.45,95.686,287.03012,0.798,DZ8032,DZ8032,VER
2023-04-29 11:01:58.000,-22.446611740281174,148.43359175668934,136.654,90.628,287.03012,1.194,DZ8032,DZ8032,VER
2023-04-29 11:02:03.000,-22.446614553698478,148.43364149586097,137.367,94.935,287.03012,0.788,DZ8032,DZ8032,VER
2023-04-29 11:02:07.000,-22.446621864887014,148.43369171547533,138.786,78.445,287.03012,1.124,DZ8032,DZ8032,VER
2023-04-29 11:02:13.000,-22.446618919579038,148.43374328813564,140.125,85.981,287.03012,1.551,DZ8032,DZ8032,VER
2023-04-29 11:02:19.000,-22.446619815147393,148.43379527401913,140.723,81.97,107.03013,0.86,DZ8032,DZ8032,VER
2023-04-29 11:02:32.000,-22.446624920113496,148.43373837695478,140.088,270.886,270.88602,1.075,DZ8032,DZ8032,VER
2023-04-29 11:02:37.000,-22.446628878781244,148.4336896889476,139.524,279.908,279.90866,1.101,DZ8032,DZ8032,VER
2023-04-29 11:02:41.000,-22.446622732517675,148.4336419471625,138.815,287.475,287.475,1.214,DZ8032,DZ8032,VER
2023-04-29 11:02:48.000,-22.446620153306018,148.43359251631745,137.673,271.611,271.61172,0.86,DZ8032,DZ8032,VER
2023-04-29 11:02:54.000,-22.44661557162022,148.43353911029476,137.042,279.246,279.24643,0.988,DZ8032,DZ8032,VER
2023-04-29 11:03:53.000,-22.44661809562676,148.43348862323245,139.063,279.179,279.17963,1.018,DZ8032,DZ8032,VER
2023-04-29 11:03:59.000,-22.446616556705102,148.43344170146878,137.72,260.415,260.416,0.965,DZ8032,DZ8032,VER
2023-04-29 11:04:04.000,-22.446620701026596,148.4333927980724,137.002,258.31,258.31064,1.068,DZ8032,DZ8032,VER
2023-04-29 11:04:11.000,-22.44661059460775,148.43344855150667,137.119,71.747,251.74782,0.905,DZ8032,DZ8032,VER
2023-04-29 11:04:16.000,-22.446612250961383,148.4335028778152,138.01,82.313,262.31372,0.534,DZ8032,DZ8032,VER
2023-04-29 11:04:21.000,-22.446611482225638,148.43356249447115,138.531,106.699,286.69995,1.255,DZ8032,DZ8032,VER
2023-04-29 11:04:27.000,-22.446610674503773,148.4336118187085,139.271,99.142,279.14267,0.616,DZ8032,DZ8032,VER
2023-04-29 11:04:34.000,-22.44662319190412,148.43365884256818,140.08,98.429,278.4297,0.898,DZ8032,DZ8032,VER
2023-04-29 11:04:40.000,-22.446625620267614,148.43371351992013,140.843,96.361,276.36127,0.986,DZ8032,DZ8032,VER
2023-04-29 11:04:44.000,-22.44662680372538,148.43376201258832,141.338,103.004,283.00485,1.269,DZ8032,DZ8032,VER
2023-04-29 11:04:56.000,-22.4466222066877,148.433710669941,140.501,273.385,273.38568,0.702,DZ8032,DZ8032,VER
2023-04-29 11:05:07.000,-22.446618681739242,148.4336637563189,138.801,326.294,326.29453,0.278,DZ8032,DZ8032,VER
2023-04-29 11:05:19.000,-22.44661753251629,148.43361626710183,137.642,264.118,264.1182,0.469,DZ8032,DZ8032,VER
2023-04-29 11:05:28.000,-22.446606210109895,148.43356706839225,136.618,279.485,279.48505,0.555,DZ8032,DZ8032,VER
2023-04-29 11:05:38.000,-22.446607835919433,148.43351706514318,135.606,262.967,262.96777,0.607,DZ8032,DZ8032,VER
2023-04-29 11:05:52.000,-22.446606203504082,148.43346313863654,134.891,271.285,271.28513,0.691,DZ8032,DZ8032,VER
2023-04-29 11:05:58.000,-22.446609806540145,148.43341439759132,134.632,247.85,247.85036,0.988,DZ8032,DZ8032,VER
2023-04-29 11:06:07.000,-22.44660695014807,148.433471074506,134.979,95.09,269.03168,1.029,DZ8032,DZ8032,VER
2023-04-29 11:06:13.000,-22.44661891122189,148.43352541764256,136.696,94.891,269.03168,1.201,DZ8032,DZ8032,VER
2023-04-29 11:06:20.000,-22.446616019592284,148.433573605868,137.838,100.806,89.03166,1.174,DZ8032,DZ8032,VER
2023-04-29 11:06:25.000,-22.446615390916453,148.43362988675932,138.504,76.535,269.03168,0.961,DZ8032,DZ8032,VER
2023-04-29 11:06:34.000,-22.44661744400259,148.4335735501183,137.666,268.813,268.81387,0.944,DZ8032,DZ8032,VER
2023-04-29 11:06:37.000,-22.446614932801797,148.43352556808293,136.872,260.748,260.74826,1.357,DZ8032,DZ8032,VER
2023-04-29 11:06:44.000,-22.446621194084244,148.4334771055686,135.98,282.065,282.0651,0.824,DZ8032,DZ8032,VER
2023-04-29 11:06:50.000,-22.446619643134547,148.43342300755327,135.217,257.497,257.49716,0.956,DZ8032,DZ8032,VER
2023-04-29 11:07:10.000,-22.446626181901795,148.43337353280944,134.381,237.821,237.82176,0.412,DZ8032,DZ8032,VER
2023-04-29 11:07:34.000,-22.446621432956917,148.43332139004386,134.239,282.659,282.65933,0.633,DZ8032,DZ8032,VER
2023-04-29 11:08:09.000,-22.4466254509188,148.4332667694132,133.843,268.64,268.64044,0.7,DZ8032,DZ8032,VER
2023-04-29 11:08:20.000,-22.446619633523614,148.43321755625112,134.329,281.682,281.68225,0.842,DZ8032,DZ8032,VER
2023-04-29 11:08:25.000,-22.446630346111707,148.43326533739926,134.076,106.961,283.12927,1.393,DZ8032,DZ8032,VER
2023-04-29 11:08:30.000,-22.446626250923654,148.4333198237254,133.577,71.86,283.12927,0.917,DZ8032,DZ8032,VER
2023-04-29 11:08:35.000,-22.446623515691822,148.43337298532555,134.284,98.13,283.12927,1.181,DZ8032,DZ8032,VER
2023-04-29 11:08:40.000,-22.446627781526416,148.43343079999664,135.183,85.741,283.12927,1.165,DZ8032,DZ8032,VER
2023-04-29 11:08:46.000,-22.446617381786634,148.43347858565988,135.247,83.282,103.129265,0.978,DZ8032,DZ8032,VER
2023-04-29 11:08:51.000,-22.446617842821766,148.43352690859322,136.38,80.87,283.12927,0.956,DZ8032,DZ8032,VER
2023-04-29 11:08:56.000,-22.446616260253073,148.43358586692278,137.302,88.875,283.12927,1.215,DZ8032,DZ8032,VER
2023-04-29 11:09:04.000,-22.446616510595174,148.43363946337865,137.811,90.864,283.12927,0.242,DZ8032,DZ8032,VER
2023-04-29 11:09:10.000,-22.446615602074644,148.4335808189161,137.452,272.166,272.16623,1.219,DZ8032,DZ8032,VER
2023-04-29 11:09:15.000,-22.446616621480622,148.43352465971904,136.682,257.538,257.5385,1.086,DZ8032,DZ8032,VER
2023-04-29 11:09:28.000,-22.446621117590706,148.4334733910494,135.634,259.126,259.12662,0.624,DZ8032,DZ8032,VER
2023-04-29 11:09:37.000,-22.446619698252352,148.4334214970045,134.574,279.13,279.1306,0.814,DZ8032,DZ8032,VER
2023-04-29 11:09:48.000,-22.446624487119962,148.4333667578537,133.84,264.161,264.16183,0.834,DZ8032,DZ8032,VER
2023-04-29 11:09:55.000,-22.44662937294125,148.4333147020814,133.473,261.613,261.6132,0.646,DZ8032,DZ8032,VER
2023-04-29 11:10:04.000,-22.446632328766558,148.43326656599285,134.121,273.471,273.47116,0.592,DZ8032,DZ8032,VER
2023-04-29 11:10:09.000,-22.446631552040085,148.43321460454442,134.67,268.862,268.86252,1.207,DZ8032,DZ8032,VER
2023-04-29 11:10:21.000,-22.446631025084173,148.43326972707965,134.366,89.165,269.1653,1.269,DZ8032,DZ8032,VER
2023-04-29 11:10:26.000,-22.446624483567096,148.43331830682692,133.841,80.626,260.62637,0.987,DZ8032,DZ8032,VER
2023-04-29 11:10:47.000,-22.44661994990216,148.43326587575623,134.008,273.859,273.85986,0.695,DZ8032,DZ8032,VER
2023-04-29 11:10:53.000,-22.44661741360254,148.43321207404236,135.631,274.097,274.0974,1.133,DZ8032,DZ8032,VER
2023-04-29 11:11:02.000,-22.44662357422897,148.4332741227208,134.346,86.359,266.35904,1.081,DZ8032,DZ8032,VER
2023-04-29 11:11:19.000,-22.44662280656287,148.43321839868807,135.102,277.964,272.286,0.893,DZ8032,DZ8032,VER
2023-04-29 11:11:26.000,-22.446620962792906,148.43316570809554,136.173,279.478,272.286,0.969,DZ8032,DZ8032,VER
2023-04-29 11:11:34.000,-22.44662340945726,148.43321717394912,135.569,102.922,282.92255,0.949,DZ8032,DZ8032,VER
2023-04-29 11:11:39.000,-22.446626944227543,148.4332768888886,134.857,87.388,267.38882,1.322,DZ8032,DZ8032,VER
2023-04-29 11:11:44.000,-22.446632166710632,148.43333231655305,134.872,90.153,270.1538,0.926,DZ8032,DZ8032,VER
2023-04-29 11:11:52.000,-22.44663008416022,148.4332792605095,134.356,278.046,267.8619,0.931,DZ8032,DZ8032,VER
2023-04-29 11:12:01.000,-22.44662535742347,148.43322505125863,134.916,278.859,267.8619,0.727,DZ8032,DZ8032,VER
2023-04-29 11:12:07.000,-22.446621105855442,148.43317741742464,136.318,271.211,267.8619,0.997,DZ8032,DZ8032,VER
2023-04-29 11:12:14.000,-22.4466207418906,148.43312867110834,136.703,314.037,267.8619,0.123,DZ8032,DZ8032,VER
2023-04-29 11:12:23.000,-22.446617402467822,148.4330745607974,136.787,267.005,267.8619,0.74,DZ8032,DZ8032,VER
2023-04-29 11:12:29.000,-22.446618704777883,148.43302287857418,137.564,271.852,267.8619,0.622,DZ8032,DZ8032,VER
2023-04-29 11:12:58.000,-22.446618460191033,148.43297554881497,136.372,252.953,252.95381,0.968,DZ8032,DZ8032,VER
2023-04-29 11:13:02.000,-22.446625293001443,148.43292715745525,137.317,269.661,269.66107,0.879,DZ8032,DZ8032,VER
2023-04-29 11:13:10.000,-22.4466237012591,148.4328744630576,138.005,281.196,281.1966,1.02,DZ8032,DZ8032,VER
2023-04-29 11:13:21.000,-22.44662337197083,148.43282193317086,138.905,278.168,278.16885,0.581,DZ8032,DZ8032,VER
2023-04-29 11:13:37.000,-22.446621075445137,148.43277247804238,138.578,273.648,273.64816,0.735,DZ8032,DZ8032,VER
2023-04-29 11:13:48.000,-22.446620388197527,148.4327205921635,140.281,271.513,271.51395,0.629,DZ8032,DZ8032,VER
2023-04-29 11:14:01.000,-22.446617393295732,148.4326688749734,141.372,132.295,132.2955,0.054,DZ8032,DZ8032,VER
2023-04-29 11:14:14.000,-22.446619079343748,148.43261608878984,142.649,265.095,265.09543,0.711,DZ8032,DZ8032,VER
2023-04-29 11:14:24.000,-22.44662573941175,148.43256386644367,142.54,263.512,263.51215,0.615,DZ8032,DZ8032,VER
2023-04-29 11:00:00.000,-22.446474849422778,148.43360300193697,141.318,81.418,267.60016,0.955,DZ8035,DZ8035,VER
2023-04-29 11:00:04.000,-22.446473851128186,148.43365948998175,142.397,84.84,267.60016,1.04,DZ8035,DZ8035,VER
2023-04-29 11:00:09.000,-22.446471375072303,148.43370891094713,142.851,83.187,267.60016,1.182,DZ8035,DZ8035,VER
2023-04-29 11:00:14.000,-22.446470804781146,148.43376082055775,144.34,98.563,267.60016,0.896,DZ8035,DZ8035,VER
2023-04-29 11:00:19.000,-22.446474464923675,148.43380971081217,145.454,101.181,267.60016,1.167,DZ8035,DZ8035,VER
2023-04-29 11:00:24.000,-22.446474353464424,148.43386728505365,145.903,69.846,267.60016,1.003,DZ8035,DZ8035,VER
2023-04-29 11:00:29.000,-22.44647083894886,148.43391683852732,146.478,93.231,267.60016,1.066,DZ8035,DZ8035,VER
2023-04-29 11:00:35.000,-22.44647221592668,148.4338654272741,145.717,268.23,268.23074,0.859,DZ8035,DZ8035,VER
2023-04-29 11:00:42.000,-22.446469142632083,148.43381068024874,144.89,273.986,273.9866,0.962,DZ8035,DZ8035,VER
2023-04-29 11:00:48.000,-22.446471069115315,148.43375872682498,143.353,268.885,268.88535,0.734,DZ8035,DZ8035,VER
2023-04-29 11:00:55.000,-22.44647048901822,148.43371162071594,142.041,275.523,275.5238,0.726,DZ8035,DZ8035,VER
2023-04-29 11:01:02.000,-22.446471298673455,148.43366227060181,141.379,269.143,269.14386,0.752,DZ8035,DZ8035,VER
2023-04-29 11:01:11.000,-22.446470093384654,148.43360819228582,141.545,267.689,267.68985,0.618,DZ8035,DZ8035,VER
2023-04-29 11:01:19.000,-22.446471194917482,148.43355732801908,141.8,263.517,263.51733,0.703,DZ8035,DZ8035,VER
2023-04-29 11:01:27.000,-22.446472145563032,148.4335037074019,142.147,265.81,265.8104,0.673,DZ8035,DZ8035,VER
2023-04-29 11:01:35.000,-22.44647214920574,148.4334521343566,141.727,270.001,270.00134,0.801,DZ8035,DZ8035,VER
2023-04-29 11:01:42.000,-22.446471907953256,148.4334003080892,141.085,271.015,271.01584,0.679,DZ8035,DZ8035,VER
2023-04-29 11:01:50.000,-22.446472350250396,148.43334985383544,140.888,272.445,272.4457,0.698,DZ8035,DZ8035,VER
2023-04-29 11:01:59.000,-22.446471027625964,148.43329943639947,140.823,274.491,274.49124,0.622,DZ8035,DZ8035,VER
2023-04-29 11:02:06.000,-22.446472772806413,148.43324673365208,139.989,268.171,268.17136,0.828,DZ8035,DZ8035,VER
2023-04-29 11:02:14.000,-22.44647506695711,148.43319704678186,138.3,265.738,265.73865,0.614,DZ8035,DZ8035,VER
2023-04-29 11:02:23.000,-22.44647472783218,148.43314674401148,138.26,275.194,275.19437,0.555,DZ8035,DZ8035,VER
2023-04-29 11:02:32.000,-22.446474340046112,148.4330959397019,138.023,269.001,269.0013,0.753,DZ8035,DZ8035,VER
2023-04-29 11:02:42.000,-22.44647691592912,148.4330441130355,138.564,268.513,268.51318,0.553,DZ8035,DZ8035,VER
2023-04-29 11:02:52.000,-22.446474576610957,148.43299099395543,138.955,278.12,278.12057,0.671,DZ8035,DZ8035,VER
2023-04-29 11:03:20.000,-22.446485563544098,148.4330436981308,139.153,99.324,280.98938,1.1,DZ8035,DZ8035,VER
2023-04-29 11:03:35.000,-22.446482984244597,148.43309306236208,139.53,85.748,265.74857,1.442,DZ8035,DZ8035,VER
2023-04-29 11:03:40.000,-22.44648274075447,148.4331507717404,138.757,96.615,276.61572,1.231,DZ8035,DZ8035,VER
2023-04-29 11:03:53.000,-22.44647954646211,148.43309949570752,138.513,260.974,273.3684,0.607,DZ8035,DZ8035,VER
2023-04-29 11:04:01.000,-22.446484670232646,148.4330497495305,138.266,268.925,273.3684,0.767,DZ8035,DZ8035,VER
2023-04-29 11:04:10.000,-22.44648917165381,148.43299699868507,138.107,271.988,273.3684,0.585,DZ8035,DZ8035,VER
2023-04-29 11:04:20.000,-22.446490438028704,148.43294307574797,138.972,263.966,273.3684,0.697,DZ8035,DZ8035,VER
2023-04-29 11:04:28.000,-22.446492662890734,148.432893930724,139.136,269.625,273.3684,0.634,DZ8035,DZ8035,VER
2023-04-29 11:04:37.000,-22.446492084433075,148.4328449551196,139.553,269.886,273.3684,0.57,DZ8035,DZ8035,VER
2023-04-29 11:04:47.000,-22.446493056943307,148.4327940109197,140.366,265.115,273.3684,0.497,DZ8035,DZ8035,VER
2023-04-29 11:04:52.000,-22.44648940978265,148.43285343920599,140.348,89.471,269.47128,1.219,DZ8035,DZ8035,VER
2023-04-29 11:04:58.000,-22.44648966762059,148.43291458391235,139.808,92.027,272.027,1.397,DZ8035,DZ8035,VER
2023-04-29 11:05:02.000,-22.446490235651538,148.43296645755083,139.027,93.898,273.8984,1.187,DZ8035,DZ8035,VER
2023-04-29 11:05:08.000,-22.446490283025618,148.43303818891465,138.019,93.347,273.3472,1.48,DZ8035,DZ8035,VER
2023-04-29 11:05:12.000,-22.446484931591126,148.43309423200532,136.834,80.555,260.55508,1.219,DZ8035,DZ8035,VER
2023-04-29 11:05:17.000,-22.44648177213286,148.43315008642247,136.398,94.251,274.25125,1.165,DZ8035,DZ8035,VER
2023-04-29 11:05:22.000,-22.44648119626077,148.43321049395658,136.657,90.028,270.0285,1.301,DZ8035,DZ8035,VER
2023-04-29 11:05:26.000,-22.44648196389422,148.43326355029797,136.058,89.802,269.80267,1.17,DZ8035,DZ8035,VER
2023-04-29 11:05:31.000,-22.446481200913325,148.43331611771757,136.21,87.695,267.69543,1.126,DZ8035,DZ8035,VER
2023-04-29 11:05:35.000,-22.44647915375813,148.4333725739442,137.257,85.625,265.6251,1.203,DZ8035,DZ8035,VER
2023-04-29 11:05:40.000,-22.446476427420293,148.4334246626001,137.542,89.654,269.65457,1.303,DZ8035,DZ8035,VER
2023-04-29 11:05:44.000,-22.44647583122935,148.43347436491646,137.886,95.809,275.80902,1.127,DZ8035,DZ8035,VER
2023-04-29 11:05:49.000,-22.44647593000884,148.43353083832486,138.331,86.277,266.27765,1.171,DZ8035,DZ8035,VER
2023-04-29 11:05:53.000,-22.446476739341797,148.43358789112628,138.768,89.917,269.91785,1.133,DZ8035,DZ8035,VER
2023-04-29 11:05:58.000,-22.44647326185768,148.43364366893277,140.329,84.653,264.65344,1.154,DZ8035,DZ8035,VER
2023-04-29 11:06:03.000,-22.446470275236756,148.4336913983015,141.549,84.706,264.70642,1.242,DZ8035,DZ8035,VER
2023-04-29 11:06:08.000,-22.44646835639854,148.4337457180814,143.268,94.568,274.5682,0.986,DZ8035,DZ8035,VER
2023-04-29 11:06:14.000,-22.44647144347285,148.43379921759654,144.116,90.566,270.5665,1.143,DZ8035,DZ8035,VER
2023-04-29 11:06:18.000,-22.4464677295976,148.43384734671045,145.479,95.496,275.4968,1.328,DZ8035,DZ8035,VER
2023-04-29 11:06:23.000,-22.446469566457168,148.43390289548068,146.27,98.421,278.42197,1.23,DZ8035,DZ8035,VER
2023-04-29 11:06:34.000,-22.446473090959593,148.43385501148944,145.377,275.208,262.5318,0.921,DZ8035,DZ8035,VER
2023-04-29 11:06:40.000,-22.446471764581727,148.4338003423444,144.397,269.589,262.5318,1.177,DZ8035,DZ8035,VER
2023-04-29 11:06:48.000,-22.446474176855205,148.4337491668427,142.65,265.983,262.5318,0.706,DZ8035,DZ8035,VER
2023-04-29 11:06:56.000,-22.44647419279706,148.43369550389792,141.625,266.977,262.5318,0.796,DZ8035,DZ8035,VER
2023-04-29 11:07:03.000,-22.44647524061072,148.43364680510015,140.637,271.822,262.5318,0.699,DZ8035,DZ8035,VER
2023-04-29 11:07:11.000,-22.446476931958305,148.433596499583,140.131,270.649,262.5318,0.577,DZ8035,DZ8035,VER
2023-04-29 11:07:19.000,-22.446477426045302,148.43354802205036,139.344,273.755,262.5318,0.679,DZ8035,DZ8035,VER
2023-04-29 11:07:26.000,-22.446477727570926,148.43349606385965,139.446,269.264,262.5318,0.578,DZ8035,DZ8035,VER
2023-04-29 11:07:34.000,-22.44647790114665,148.43344515402103,138.824,270.713,262.5318,0.803,DZ8035,DZ8035,VER
2023-04-29 11:07:41.000,-22.446475531512196,148.4333946786936,138.804,272.563,262.5318,0.748,DZ8035,DZ8035,VER
2023-04-29 11:07:50.000,-22.446473258067304,148.43334657037957,139.859,265.698,262.5318,0.582,DZ8035,DZ8035,VER
2023-04-29 11:07:59.000,-22.44647547613871,148.43329579241993,138.609,268.37,262.5318,0.56,DZ8035,DZ8035,VER
2023-04-29 11:08:06.000,-22.44647787255722,148.433242608111,137.469,265.044,262.5318,0.635,DZ8035,DZ8035,VER
2023-04-29 11:08:14.000,-22.44647741343522,148.43319137205535,137.069,270.999,262.5318,0.536,DZ8035,DZ8035,VER
2023-04-29 11:08:22.000,-22.446477412392998,148.43314281658724,136.493,268.59,262.5318,0.625,DZ8035,DZ8035,VER
2023-04-29 11:08:31.000,-22.44648012916636,148.4330906381196,136.314,263.947,262.5318,0.496,DZ8035,DZ8035,VER
2023-04-29 11:08:40.000,-22.44648224986863,148.4330411199166,137.108,264.333,262.5318,0.793,DZ8035,DZ8035,VER
2023-04-29 11:08:50.000,-22.446483238638713,148.43299048185756,137.812,265.426,262.5318,0.417,DZ8035,DZ8035,VER
2023-04-29 11:09:00.000,-22.446484139429472,148.43293648242968,137.675,268.149,262.5318,0.661,DZ8035,DZ8035,VER
2023-04-29 11:09:08.000,-22.446487052811108,148.4328842089521,138.439,273.992,262.5318,0.679,DZ8035,DZ8035,VER
2023-04-29 11:09:19.000,-22.44648691824546,148.43283202705504,139.68,270.493,262.5318,0.537,DZ8035,DZ8035,VER
2023-04-29 11:09:26.000,-22.4464841682074,148.43289110427497,139.867,86.927,268.67755,1.287,DZ8035,DZ8035,VER
2023-04-29 11:09:31.000,-22.446485485540542,148.4329432013165,139.017,92.755,268.67755,1.496,DZ8035,DZ8035,VER
2023-04-29 11:09:35.000,-22.44648645832096,148.43299473896354,138.049,89.025,268.67755,1.073,DZ8035,DZ8035,VER
2023-04-29 11:09:39.000,-22.446483724480668,148.43305288114,137.158,87.509,268.67755,1.615,DZ8035,DZ8035,VER
2023-04-29 11:09:44.000,-22.446480312898032,148.43310463311445,136.318,87.945,268.67755,1.19,DZ8035,DZ8035,VER
2023-04-29 11:09:49.000,-22.4464771314934,148.43316231235858,136.149,92.99,268.67755,1.201,DZ8035,DZ8035,VER
2023-04-29 11:09:54.000,-22.446479667482116,148.43322272480012,136.779,93.661,268.67755,1.571,DZ8035,DZ8035,VER
2023-04-29 11:09:58.000,-22.44647882329763,148.43327481489604,135.931,88.946,268.67755,1.195,DZ8035,DZ8035,VER
2023-04-29 11:10:03.000,-22.44647723026094,148.43332950245383,135.913,88.089,268.67755,1.12,DZ8035,DZ8035,VER
2023-04-29 11:10:08.000,-22.44647736635846,148.4333890812102,136.426,86.917,268.67755,1.34,DZ8035,DZ8035,VER
2023-04-29 11:10:12.000,-22.446477637367806,148.4334393737971,137.061,89.541,268.67755,1.234,DZ8035,DZ8035,VER
2023-04-29 11:10:17.000,-22.446476431964545,148.43349804310907,137.41,92.978,268.67755,1.118,DZ8035,DZ8035,VER
2023-04-29 11:10:22.000,-22.44647860734452,148.43355571213434,138.084,93.642,268.67755,1.244,DZ8035,DZ8035,VER
2023-04-29 11:10:27.000,-22.44647867715403,148.4336103364747,139.061,86.906,268.67755,1.071,DZ8035,DZ8035,VER
2023-04-29 11:10:32.000,-22.446478528195644,148.43366853891433,139.808,90.947,268.67755,1.244,DZ8035,DZ8035,VER
2023-04-29 11:10:37.000,-22.44647564932116,148.43372565828523,140.606,85.953,268.67755,1.134,DZ8035,DZ8035,VER
2023-04-29 11:10:42.000,-22.44647587585984,148.43377349743642,141.724,91.648,268.67755,0.785,DZ8035,DZ8035,VER
2023-04-29 11:10:47.000,-22.446473943922676,148.433821795328,142.66,75.038,268.67755,1.956,DZ8035,DZ8035,VER
2023-04-29 11:10:51.000,-22.446473055120528,148.43387677937858,144.051,90.668,268.67755,0.952,DZ8035,DZ8035,VER
2023-04-29 11:10:57.000,-22.446472537072655,148.43392977521688,144.871,90.22,268.67755,1.255,DZ8035,DZ8035,VER
2023-04-29 11:11:05.000,-22.446472099727732,148.43387347660644,143.967,270.475,270.47574,0.919,DZ8035,DZ8035,VER
2023-04-29 11:11:09.000,-22.44647148947921,148.43381399585235,143.057,269.856,269.85657,1.292,DZ8035,DZ8035,VER
2023-04-29 11:11:14.000,-22.446472408359597,148.43376523920716,142.155,269.278,269.2785,0.822,DZ8035,DZ8035,VER
2023-04-29 11:11:20.000,-22.446471986280784,148.4337165382918,141.43,267,267.0004,0.955,DZ8035,DZ8035,VER
2023-04-29 11:11:29.000,-22.446474208809047,148.43366400604387,140.835,264.789,264.78906,0.676,DZ8035,DZ8035,VER
2023-04-29 11:11:37.000,-22.446474271075626,148.4336144065351,140.32,272.319,272.3195,0.569,DZ8035,DZ8035,VER
2023-04-29 11:11:44.000,-22.446475258001488,148.43356585750828,138.799,271.716,271.71683,0.625,DZ8035,DZ8035,VER
2023-04-29 11:11:52.000,-22.446476373433306,148.4335180372371,137.766,260.293,260.2938,0.622,DZ8035,DZ8035,VER
2023-04-29 11:12:01.000,-22.446479761861266,148.43346642138087,137.225,271.533,271.5338,0.729,DZ8035,DZ8035,VER
2023-04-29 11:12:09.000,-22.44647798635901,148.43341208279944,137.255,266.394,266.39417,0.758,DZ8035,DZ8035,VER
2023-04-29 11:12:17.000,-22.446478149645138,148.4333595377911,138.547,267.292,267.29233,0.654,DZ8035,DZ8035,VER
2023-04-29 11:12:26.000,-22.446479551541085,148.43331023703055,139.141,271.694,271.6945,0.543,DZ8035,DZ8035,VER
2023-04-29 11:12:33.000,-22.446479156008703,148.43326119477314,139.037,266.763,266.76334,0.884,DZ8035,DZ8035,VER
2023-04-29 11:12:40.000,-22.446480298735363,148.43321253761553,138.495,267.327,267.32706,0.625,DZ8035,DZ8035,VER
2023-04-29 11:12:49.000,-22.446478524081705,148.4331644552844,139.495,273.3,273.30063,0.578,DZ8035,DZ8035,VER
2023-04-29 11:12:59.000,-22.446481331774507,148.43311527974643,138.48,271.502,271.5028,0.622,DZ8035,DZ8035,VER
2023-04-29 11:13:07.000,-22.44648443650968,148.4330606819913,138.46,270.552,270.55258,0.762,DZ8035,DZ8035,VER
2023-04-29 11:13:18.000,-22.446487027424336,148.43300888933965,138.656,271.689,271.68948,0.437,DZ8035,DZ8035,VER
2023-04-29 11:13:28.000,-22.446488609960152,148.43295915298833,138.703,265.766,265.76663,0.543,DZ8035,DZ8035,VER
2023-04-29 11:13:36.000,-22.446490957383336,148.4329096078186,139.75,267.752,267.753,0.678,DZ8035,DZ8035,VER
2023-04-29 11:13:46.000,-22.44648976434682,148.43285833566307,139.991,268.301,268.3013,0.391,DZ8035,DZ8035,VER
2023-04-29 11:13:54.000,-22.44648787867713,148.43291710805897,139.109,89.264,272.35245,1.442,DZ8035,DZ8035,VER
2023-04-29 11:13:58.000,-22.446486019616465,148.43296876530533,138.219,89.988,272.35245,1.19,DZ8035,DZ8035,VER
2023-04-29 11:14:03.000,-22.44648333265638,148.4330298830394,137.787,85.317,272.35245,1.623,DZ8035,DZ8035,VER
2023-04-29 11:14:07.000,-22.44648044002662,148.43308991808178,136.467,94.125,272.35245,1.306,DZ8035,DZ8035,VER
2023-04-29 11:14:12.000,-22.446480808870128,148.43314896269814,135.923,97.176,272.35245,1.137,DZ8035,DZ8035,VER
2023-04-29 11:14:17.000,-22.446481757408655,148.4332048556962,136.611,91.841,272.35245,1.41,DZ8035,DZ8035,VER
2023-04-29 11:14:21.000,-22.446482743522584,148.43326340263906,136.295,87.847,272.35245,1.765,DZ8035,DZ8035,VER
2023-04-29 11:14:26.000,-22.446484628851934,148.43331949730816,136.339,92.025,272.35245,1.031,DZ8035,DZ8035,VER
2023-04-29 11:14:31.000,-22.446483500199065,148.43337405363712,137.951,89.249,272.35245,1.172,DZ8035,DZ8035,VER
2023-04-29 11:14:35.000,-22.44648246572823,148.43342382190744,137.914,84.59,272.35245,1.294,DZ8035,DZ8035,VER
2023-04-29 11:14:40.000,-22.446484508725153,148.43348328423556,137.812,92.075,272.35245,1.191,DZ8035,DZ8035,VER
2023-04-29 11:14:45.000,-22.44648495727954,148.43353927399767,138.268,90.337,272.35245,1.209,DZ8035,DZ8035,VER
2023-04-29 11:14:50.000,-22.446483379326832,148.43359582910978,138.796,89.605,272.35245,1.107,DZ8035,DZ8035,VER
2023-04-29 11:14:55.000,-22.446481214818373,148.43365122540894,139.376,85.413,272.35245,1.101,DZ8035,DZ8035,VER
2023-04-29 11:15:00.000,-22.446476091587677,148.43370724981907,140.121,91.926,272.35245,1.082,DZ8035,DZ8035,VER
2023-04-29 11:00:14.000,-22.446217310713877,148.43265161051713,141,94.801,274.80103,1.489,DZ8084,DZ8084,VER
2023-04-29 11:00:29.000,-22.446211004956442,148.4328527641847,137.741,90.631,270.63123,1.267,DZ8084,DZ8084,VER
2023-04-29 11:00:44.000,-22.446206620988963,148.43304890760604,135.852,91.43,271.4309,1.458,DZ8084,DZ8084,VER
2023-04-29 11:01:00.000,-22.446206979284888,148.4332529978485,134.525,88.913,268.91342,1.333,DZ8084,DZ8084,VER
2023-04-29 11:02:01.000,-22.446218448561428,148.43305712506836,135.195,274.311,255.85538,0.785,DZ8084,DZ8084,VER
2023-04-29 11:02:27.000,-22.44622401010588,148.43285803094415,136.769,268.278,255.85538,0.803,DZ8084,DZ8084,VER
2023-04-29 11:02:52.000,-22.44622127242615,148.4326639435976,139.284,268.627,255.85538,0.84,DZ8084,DZ8084,VER
2023-04-29 11:03:20.000,-22.446220261530122,148.43247008737399,143.614,275.687,255.85538,0.765,DZ8084,DZ8084,VER
2023-04-29 11:03:32.000,-22.446217081177746,148.43261272499612,141.01,87.061,273.96765,1.491,DZ8084,DZ8084,VER
2023-04-29 11:03:46.000,-22.44621109581115,148.43280544304216,138.24,86.78,273.96765,1.357,DZ8084,DZ8084,VER
2023-04-29 11:04:01.000,-22.44621092162553,148.43300086148565,136.453,91.373,273.96765,1.342,DZ8084,DZ8084,VER
2023-04-29 11:04:15.000,-22.446210777291636,148.43319511913626,135.078,87.848,273.96765,1.245,DZ8084,DZ8084,VER
2023-04-29 11:04:47.000,-22.44619380558134,148.4333954052994,137.663,73.246,253.24655,0.947,DZ8084,DZ8084,VER
2023-04-29 11:05:34.000,-22.446208812432435,148.4331964778336,136.495,268.545,275.65222,0.675,DZ8084,DZ8084,VER
2023-04-29 11:06:09.000,-22.446219961982813,148.43300135424374,136.44,273.142,275.65222,0.799,DZ8084,DZ8084,VER
2023-04-29 11:06:37.000,-22.44622371253865,148.43280394153126,137.739,269.546,275.65222,0.744,DZ8084,DZ8084,VER
2023-04-29 11:07:04.000,-22.446229422056103,148.43260689655435,140.373,268.992,275.65222,0.717,DZ8084,DZ8084,VER
2023-04-29 11:07:38.000,-22.446227868408034,148.4325300920538,143.513,87.151,267.15155,1.502,DZ8084,DZ8084,VER
2023-04-29 11:07:53.000,-22.446225750350727,148.43273092881503,139.209,88.26,268.26068,1.539,DZ8084,DZ8084,VER
2023-04-29 11:08:08.000,-22.446220936456,148.43293456362048,136.178,84.917,264.91736,1.306,DZ8084,DZ8084,VER
2023-04-29 11:08:23.000,-22.44621741563364,148.43313362199947,134.32,82.444,262.44424,1.524,DZ8084,DZ8084,VER
2023-04-29 11:08:39.000,-22.446204098622054,148.4333310891886,134.04,80.673,260.67334,0.909,DZ8084,DZ8084,VER
2023-04-29 11:09:58.000,-22.44617103728162,148.43314367167807,139.104,270.772,270.77283,0.875,DZ8084,DZ8084,VER
2023-04-29 11:10:23.000,-22.446168738453665,148.43294681640708,140.559,271.335,271.3357,0.848,DZ8084,DZ8084,VER
2023-04-29 11:10:52.000,-22.44617080429773,148.4327520816369,141.026,277.423,277.4238,0.303,DZ8084,DZ8084,VER
2023-04-29 11:11:23.000,-22.44616617964425,148.4325550833124,144.911,273.519,273.51913,0.88,DZ8084,DZ8084,VER
2023-04-29 11:12:05.000,-22.446160568989253,148.43275190804582,140.837,92.43,273.29218,1.642,DZ8084,DZ8084,VER
2023-04-29 11:12:20.000,-22.446161336811834,148.4329547196045,139.4,86.985,273.29218,1.278,DZ8084,DZ8084,VER
2023-04-29 11:12:36.000,-22.44616319120981,148.43315197262436,138.431,92.896,273.29218,1.437,DZ8084,DZ8084,VER
2023-04-29 11:12:57.000,-22.446171720015688,148.43334763767353,136.302,97.845,277.8455,1.071,DZ8084,DZ8084,VER
2023-04-29 11:14:11.000,-22.446167299865476,148.43315050624574,140.028,270.417,267.12955,0.733,DZ8084,DZ8084,VER
2023-04-29 11:14:39.000,-22.446160359240267,148.43295637301807,142.569,269.349,267.12955,0.695,DZ8084,DZ8084,VER
2023-04-29 11:00:01.000,-22.44599349162114,148.4327471184365,147.909,274.122,274.122,0.471,DZ8036,DZ8036,VER
2023-04-29 11:00:08.000,-22.445994149217743,148.4327000654676,149.33,268.883,268.88388,0.982,DZ8036,DZ8036,VER
2023-04-29 11:00:17.000,-22.445989495379333,148.43271921240725,147.566,88.854,268.85416,1.549,DZ8036,DZ8036,VER
2023-04-29 11:00:24.000,-22.44598947206878,148.43282000849274,145.581,92.182,272.18274,1.396,DZ8036,DZ8036,VER
2023-04-29 11:00:28.000,-22.44598761149304,148.43287307363397,144.43,79.803,259.8037,0.983,DZ8036,DZ8036,VER
2023-04-29 11:00:33.000,-22.445981173522668,148.43292971268346,143.511,87.745,267.7452,1.27,DZ8036,DZ8036,VER
2023-04-29 11:00:46.000,-22.445987855049893,148.43285294280147,144.574,266.608,271.65735,0.758,DZ8036,DZ8036,VER
2023-04-29 11:00:55.000,-22.44599029227892,148.43279442674606,146.252,265.523,271.65735,0.509,DZ8036,DZ8036,VER
2023-04-29 11:01:06.000,-22.44599087811569,148.43273261676225,148.426,268.589,271.65735,0.612,DZ8036,DZ8036,VER
2023-04-29 11:01:16.000,-22.445991494748064,148.43265639235617,149.518,273.663,271.65735,0.919,DZ8036,DZ8036,VER
2023-04-29 11:01:22.000,-22.445990264379244,148.43260015944978,149.271,273.205,271.65735,0.849,DZ8036,DZ8036,VER
2023-04-29 11:01:28.000,-22.445990411197897,148.43254648437483,149.18,271.299,91.65735,0.764,DZ8036,DZ8036,VER
2023-04-29 11:01:37.000,-22.445989877252586,148.43248123262183,149.087,274.795,271.65735,0.98,DZ8036,DZ8036,VER
2023-04-29 11:01:48.000,-22.445995395949332,148.4325597167084,148.21,95.542,275.9701,1.194,DZ8036,DZ8036,VER
2023-04-29 11:01:53.000,-22.445994003965392,148.4326189433691,147.929,85.424,275.9701,1.428,DZ8036,DZ8036,VER
2023-04-29 11:01:57.000,-22.445993533851013,148.43267420926387,147.033,87.467,275.9701,1.561,DZ8036,DZ8036,VER
2023-04-29 11:02:01.000,-22.445989198382748,148.43273097905643,145.655,85.938,275.9701,1.297,DZ8036,DZ8036,VER
2023-04-29 11:02:05.000,-22.445988487489426,148.43278425953585,144.719,94.135,275.9701,1.219,DZ8036,DZ8036,VER
2023-04-29 11:02:09.000,-22.44598811454286,148.43284094555267,143.693,92.122,275.9701,1.53,DZ8036,DZ8036,VER
2023-04-29 11:02:13.000,-22.445986757579973,148.4328961347064,142.826,84.555,275.9701,1.311,DZ8036,DZ8036,VER
2023-04-29 11:02:17.000,-22.445985801524824,148.4329504253256,142.165,90.757,275.9701,1.32,DZ8036,DZ8036,VER
2023-04-29 11:02:21.000,-22.445986373866393,148.43300054445686,142.038,90.717,275.9701,1.231,DZ8036,DZ8036,VER
2023-04-29 11:02:25.000,-22.44598523301983,148.43305206263054,142.003,83.94,275.9701,1.295,DZ8036,DZ8036,VER
2023-04-29 11:02:30.000,-22.445984605291155,148.43313884959008,141.255,85.753,275.9701,2.423,DZ8036,DZ8036,VER
2023-04-29 11:02:33.000,-22.445983548701225,148.43318841143474,140.622,90.829,95.970085,2.636,DZ8036,DZ8036,VER
2023-04-29 11:02:36.000,-22.445978291366213,148.43324911998835,140.328,86.253,275.9701,2.349,DZ8036,DZ8036,VER
2023-04-29 11:02:38.000,-22.445973436493105,148.4333130544986,140.163,86.283,275.9701,2.337,DZ8036,DZ8036,VER
2023-04-29 11:02:42.000,-22.44597099940957,148.43337237276808,140.45,88.3,275.9701,2,DZ8036,DZ8036,VER
2023-04-29 11:02:45.000,-22.44596924542343,148.43342962771288,140.972,91,275.9701,2.051,DZ8036,DZ8036,VER
2023-04-29 11:02:48.000,-22.445965303562733,148.43348472463884,141.479,94.214,275.9701,2.057,DZ8036,DZ8036,VER
2023-04-29 11:02:52.000,-22.44595420551735,148.43354852615025,141.913,78.922,275.9701,1.539,DZ8036,DZ8036,VER
2023-04-29 11:02:56.000,-22.445945650983408,148.43361698666118,142.399,74.386,275.9701,2.441,DZ8036,DZ8036,VER
2023-04-29 11:03:02.000,-22.445930986024273,148.43373275694415,142.873,80.565,275.9701,2.023,DZ8036,DZ8036,VER
2023-04-29 11:03:05.000,-22.445925732557896,148.43379872663158,142.893,89.538,275.9701,2.404,DZ8036,DZ8036,VER
2023-04-29 11:03:07.000,-22.445918026597926,148.43386035051367,142.654,86.06,275.9701,1.416,DZ8036,DZ8036,VER
2023-04-29 11:03:15.000,-22.445930586660133,148.43390797565723,142.954,91.086,271.08606,0.52,DZ8036,DZ8036,VER
2023-04-29 11:03:23.000,-22.44593401718959,148.43384350455844,143.37,267.209,314.7531,0.939,DZ8036,DZ8036,VER
2023-04-29 11:03:29.000,-22.44593835187171,148.43378788892917,143.387,263.92,314.7531,0.905,DZ8036,DZ8036,VER
2023-04-29 11:03:35.000,-22.445944338299665,148.43373211202282,142.83,264.69,314.7531,1.023,DZ8036,DZ8036,VER
2023-04-29 11:03:44.000,-22.445952709003866,148.43366240231123,141.634,266.549,314.7531,0.93,DZ8036,DZ8036,VER
2023-04-29 11:03:50.000,-22.44595729053434,148.43360535571225,141.505,262.689,314.7531,1.078,DZ8036,DZ8036,VER
2023-04-29 11:03:55.000,-22.4459621810573,148.43355048009528,141.268,264.697,134.75311,1.117,DZ8036,DZ8036,VER
2023-04-29 11:04:01.000,-22.445957530723405,148.43359303790956,141.991,82.991,262.99188,1.816,DZ8036,DZ8036,VER
2023-04-29 11:04:04.000,-22.445948024706503,148.43365381793026,142.261,86.913,266.91385,1.964,DZ8036,DZ8036,VER
2023-04-29 11:04:08.000,-22.445934804664958,148.43372886989476,142.819,78.925,258.92557,1.873,DZ8036,DZ8036,VER
2023-04-29 11:04:12.000,-22.445927839981284,148.43378902176661,142.905,89.9,269.90027,1.365,DZ8036,DZ8036,VER
2023-04-29 11:04:19.000,-22.445917796503135,148.43387063859092,143.083,44.063,224.06375,0.747,DZ8036,DZ8036,VER
2023-04-29 11:04:29.000,-22.445853331050234,148.43385929308982,142.789,306.882,126.88278,0.182,DZ8036,DZ8036,VER
2023-04-29 11:04:35.000,-22.4458914273578,148.43388610887638,143.027,141.902,141.90222,0.987,DZ8036,DZ8036,VER
2023-04-29 11:04:41.000,-22.445942860948463,148.4339011461175,142.65,169.037,169.03738,1.031,DZ8036,DZ8036,VER
2023-04-29 11:04:48.000,-22.445992169622464,148.4339095237794,142.58,168.014,168.01459,0.906,DZ8036,DZ8036,VER
2023-04-29 11:04:55.000,-22.446038750265792,148.43391926259218,142.508,169.04,169.04042,0.752,DZ8036,DZ8036,VER
2023-04-29 11:05:04.000,-22.44600239200045,148.43390550906395,142.878,342.865,162.86572,1.99,DZ8036,DZ8036,VER
2023-04-29 11:05:07.000,-22.445945919175784,148.43389242641211,142.904,351.02,171.02032,2.392,DZ8036,DZ8036,VER
2023-04-29 11:05:11.000,-22.4458653186721,148.43386709681752,142.169,351.246,171.24695,2.19,DZ8036,DZ8036,VER
2023-04-29 11:05:15.000,-22.44580723201264,148.43385287647104,141.894,346.951,166.95105,1.826,DZ8036,DZ8036,VER
2023-04-29 11:05:25.000,-22.445852072505588,148.43385823051054,141.712,178.021,348.63904,1.052,DZ8036,DZ8036,VER
2023-04-29 11:05:33.000,-22.44593066197214,148.433863574182,141.729,175.372,168.63904,1.091,DZ8036,DZ8036,VER
2023-04-29 11:05:38.000,-22.44597820459408,148.43386904887433,141.714,174.703,168.63904,1.067,DZ8036,DZ8036,VER
2023-04-29 11:05:44.000,-22.446027695475877,148.43387291518098,141.516,180.243,168.63904,0.863,DZ8036,DZ8036,VER
2023-04-29 11:05:53.000,-22.445966829266624,148.43386319485168,142.013,348.961,168.96143,2.271,DZ8036,DZ8036,VER
2023-04-29 11:05:56.000,-22.445906013478503,148.43385683731248,142.129,354.508,174.50836,2.114,DZ8036,DZ8036,VER
2023-04-29 11:05:59.000,-22.445852787511633,148.43385253226714,142.097,351.798,171.79834,1.43,DZ8036,DZ8036,VER
2023-04-29 11:06:06.000,-22.445904000269195,148.43384924021058,142.747,181.944,166.37045,1.073,DZ8036,DZ8036,VER
2023-04-29 11:06:11.000,-22.445951701477043,148.4338528441413,142.689,173.756,166.37045,1.045,DZ8036,DZ8036,VER
2023-04-29 11:06:16.000,-22.44600027901023,148.433856755339,142.396,179.32,166.37045,1.023,DZ8036,DZ8036,VER
2023-04-29 11:06:25.000,-22.446061940265142,148.43386221156268,141.949,177.139,166.37045,0.633,DZ8036,DZ8036,VER
2023-04-29 11:06:28.000,-22.446023952291803,148.43386258065598,142.179,9.239,189.2392,1.686,DZ8036,DZ8036,VER
2023-04-29 11:06:35.000,-22.44599432418019,148.4339115871119,142.474,67.1,247.10056,0.105,DZ8036,DZ8036,VER
2023-04-29 11:06:46.000,-22.446008252434904,148.43386471926482,142.407,269.052,269.05234,0.123,DZ8036,DZ8036,VER
2023-04-29 11:07:28.000,-22.446015729703955,148.43379229245377,145.038,87.72,87.72056,0.397,DZ8036,DZ8036,VER
2023-04-29 11:07:31.000,-22.446012102342966,148.4338392169599,143.706,86.175,84.24684,1.88,DZ8036,DZ8036,VER
2023-04-29 11:07:55.000,-22.446007537148052,148.4338912123471,144.51,80.371,260.37137,1.17,DZ8036,DZ8036,VER
2023-04-29 11:08:10.000,-22.44601331664951,148.4338396476136,144.087,268.159,255.3353,0.439,DZ8036,DZ8036,VER
2023-04-29 11:08:19.000,-22.44601267527914,148.43378618355922,144.783,267.639,255.3353,1.151,DZ8036,DZ8036,VER
2023-04-29 11:08:25.000,-22.44601137503591,148.4338139721418,144.346,88.653,83.67834,1.437,DZ8036,DZ8036,VER
2023-04-29 11:08:30.000,-22.446009615205387,148.43387231436438,144.032,89.733,263.67834,0.972,DZ8036,DZ8036,VER
2023-04-29 11:08:50.000,-22.44600662274168,148.43380413639665,144.598,272.008,259.244,0.63,DZ8036,DZ8036,VER
2023-04-29 11:08:57.000,-22.446007382152832,148.43374792196272,145.521,267.001,259.244,1.291,DZ8036,DZ8036,VER
2023-04-29 11:09:05.000,-22.446002883444002,148.43378389146727,145.47,87.383,267.38315,1.55,DZ8036,DZ8036,VER
2023-04-29 11:09:12.000,-22.4460031906421,148.43385361504616,144.916,93.278,273.27826,1.104,DZ8036,DZ8036,VER
2023-04-29 11:09:28.000,-22.446005532854745,148.4338016434815,144.262,270.32,270.32037,0.688,DZ8036,DZ8036,VER
2023-04-29 11:09:57.000,-22.446007073581473,148.43374980080984,145.289,265.132,265.1326,0.623,DZ8036,DZ8036,VER
2023-04-29 11:10:06.000,-22.44600589357322,148.43370088368246,144.532,271.314,271.3142,0.988,DZ8036,DZ8036,VER
2023-04-29 11:10:16.000,-22.44600583570125,148.43375015510256,144.574,101.504,258.15247,1.104,DZ8036,DZ8036,VER
2023-04-29 11:10:20.000,-22.446003533001058,148.4338076198197,144.117,96.508,258.15247,1.473,DZ8036,DZ8036,VER
2023-04-29 11:10:25.000,-22.44600518413693,148.4338619451837,144.12,89.966,258.15247,1.491,DZ8036,DZ8036,VER
2023-04-29 11:10:37.000,-22.446003384345914,148.43380643933511,143.607,269.92,269.92078,0.7,DZ8036,DZ8036,VER
2023-04-29 11:10:46.000,-22.445999947814794,148.4337439379236,143.218,274.039,274.03928,0.893,DZ8036,DZ8036,VER
2023-04-29 11:10:53.000,-22.445998058086875,148.43369105860745,142.992,270.083,270.08334,0.708,DZ8036,DZ8036,VER
2023-04-29 11:11:00.000,-22.445998149595944,148.433739159325,142.993,88.98,268.98016,2.295,DZ8036,DZ8036,VER
2023-04-29 11:11:07.000,-22.446002053540553,148.43380403621603,143.152,267.078,87.07898,0.946,DZ8036,DZ8036,VER
2023-04-29 11:11:13.000,-22.44600316038959,148.43375479670397,143.143,269.35,269.35004,0.857,DZ8036,DZ8036,VER
2023-04-29 11:11:21.000,-22.44600520709938,148.43370333747868,142.961,268.99,268.99097,0.477,DZ8036,DZ8036,VER
2023-04-29 11:11:30.000,-22.446010199446842,148.43364481120668,142.356,259.37,259.37018,0.915,DZ8036,DZ8036,VER
2023-04-29 11:11:40.000,-22.446001147289802,148.4337038568675,143.159,87.152,267.15253,1.184,DZ8036,DZ8036,VER
2023-04-29 11:11:51.000,-22.446007966255234,148.4336477109636,142.614,264.677,272.80746,0.467,DZ8036,DZ8036,VER
2023-04-29 11:12:00.000,-22.446012261831946,148.4335902228311,141.856,92.249,92.24954,0.865,DZ8036,DZ8036,VER
2023-04-29 11:12:05.000,-22.4460069983546,148.43364693730013,142.14,85.855,265.85526,1.041,DZ8036,DZ8036,VER
2023-04-29 11:12:11.000,-22.446001320111503,148.43371217676295,142.877,95.309,275.30954,1.084,DZ8036,DZ8036,VER
2023-04-29 11:12:15.000,-22.44600290980901,148.4337767864057,142.922,82.116,262.1161,2.835,DZ8036,DZ8036,VER
2023-04-29 11:12:18.000,-22.446003824666523,148.43383260655077,143.017,92.192,272.1927,1.179,DZ8036,DZ8036,VER
2023-04-29 11:12:25.000,-22.446001018055707,148.4338836778747,143.115,77.241,257.2419,0.343,DZ8036,DZ8036,VER
2023-04-29 11:12:38.000,-22.44600017203345,148.43383167605884,143.054,270.66,270.66013,1.143,DZ8036,DZ8036,VER
2023-04-29 11:12:43.000,-22.44599936843422,148.43378153904237,142.981,271.595,271.59506,1.057,DZ8036,DZ8036,VER
2023-04-29 11:12:47.000,-22.445999451621535,148.43372428795922,142.775,272.432,272.4324,1.087,DZ8036,DZ8036,VER
2023-04-29 11:12:54.000,-22.445996895646644,148.4336679473564,142.387,268.648,268.6482,0.848,DZ8036,DZ8036,VER
2023-04-29 11:13:03.000,-22.446001971916093,148.43360218593602,142.624,266.964,266.9649,0.655,DZ8036,DZ8036,VER
2023-04-29 11:13:12.000,-22.446009095482335,148.43352676878482,142.154,263.106,263.10696,0.97,DZ8036,DZ8036,VER
2023-04-29 11:13:17.000,-22.4460048294975,148.43359013367885,142.512,88.571,268.57196,2.039,DZ8036,DZ8036,VER
2023-04-29 11:13:23.000,-22.446000719607706,148.43370552589823,143.876,87.331,267.33176,2.139,DZ8036,DZ8036,VER
2023-04-29 11:13:26.000,-22.445999358509855,148.43376858456344,144.476,87.42,267.4205,2.43,DZ8036,DZ8036,VER
2023-04-29 11:13:29.000,-22.445997343106807,148.43383002291426,144.65,78.036,258.03647,2.253,DZ8036,DZ8036,VER
2023-04-29 11:13:33.000,-22.445968447269784,148.4338677501573,144.277,356.772,176.77295,1.391,DZ8036,DZ8036,VER
2023-04-29 11:13:36.000,-22.445915633610696,148.4338698012402,144.527,8.32,188.32028,2.205,DZ8036,DZ8036,VER
2023-04-29 11:13:49.000,-22.44592520218517,148.43382038431577,144.79,260.104,260.10464,0.799,DZ8036,DZ8036,VER
2023-04-29 11:13:54.000,-22.44592981959184,148.43376456910582,145.176,266.577,266.5771,0.857,DZ8036,DZ8036,VER
2023-04-29 11:14:01.000,-22.445933645493458,148.43371545836985,145.068,268.124,268.12427,0.839,DZ8036,DZ8036,VER
2023-04-29 11:14:10.000,-22.44593928937497,148.43366668191084,144.524,266.155,266.15567,0.658,DZ8036,DZ8036,VER
2023-04-29 11:14:18.000,-22.445941608197035,148.43361361750996,143.588,267.198,267.1985,0.745,DZ8036,DZ8036,VER
2023-04-29 11:14:28.000,-22.445947105987415,148.43354322454732,142.612,271.603,271.6038,0.838,DZ8036,DZ8036,VER
2023-04-29 11:14:34.000,-22.445948505879365,148.43349026075543,141.817,262.709,262.70956,0.963,DZ8036,DZ8036,VER
2023-04-29 11:14:40.000,-22.44595204694039,148.43344179254424,140.737,263.981,263.98123,0.717,DZ8036,DZ8036,VER
2023-04-29 11:14:49.000,-22.445957037765755,148.43338220425284,140.002,261.998,261.99835,0.68,DZ8036,DZ8036,VER
2023-04-29 11:14:59.000,-22.445961086191744,148.4333150816707,140.069,269.357,269.3573,0.821,DZ8036,DZ8036,VER
2023-04-29 11:00:01.000,-22.447237676618816,148.43363071860767,144.554,260.04,265.28018,1.244,DZ2157,DZ2157,VER
2023-04-29 11:00:06.000,-22.447238407616265,148.43357627531228,144.122,264.725,265.28018,0.826,DZ2157,DZ2157,VER
2023-04-29 11:00:16.000,-22.447237621844117,148.43351885434492,143.495,274.426,265.28018,1.067,DZ2157,DZ2157,VER
2023-04-29 11:00:20.000,-22.447236291508055,148.43346856260283,142.647,273.256,265.28018,1.119,DZ2157,DZ2157,VER
2023-04-29 11:00:30.000,-22.447235357541103,148.43342058739972,141.823,267.891,85.28018,0.527,DZ2157,DZ2157,VER
2023-04-29 11:00:40.000,-22.447241719598278,148.43337250557238,141.087,259.883,265.28018,0.645,DZ2157,DZ2157,VER
2023-04-29 11:00:47.000,-22.44724564558089,148.4333221955309,141.344,260.701,265.28018,0.864,DZ2157,DZ2157,VER
2023-04-29 11:01:11.000,-22.447242566172907,148.43337598265737,141.777,85.063,265.06354,0.97,DZ2157,DZ2157,VER
2023-04-29 11:01:16.000,-22.447238934184075,148.43342779305138,142.777,88.557,268.55716,1.148,DZ2157,DZ2157,VER
2023-04-29 11:01:22.000,-22.44724016929298,148.4334842246096,143.886,94.138,274.138,1.196,DZ2157,DZ2157,VER
2023-04-29 11:01:26.000,-22.447241119521184,148.43353312048836,144.05,93.702,273.70282,1.224,DZ2157,DZ2157,VER
2023-04-29 11:01:31.000,-22.447239355237848,148.43359097914254,144.785,90.487,270.48746,1.298,DZ2157,DZ2157,VER
2023-04-29 11:01:35.000,-22.447236579926454,148.4336491650424,145.058,88.382,268.3825,1.367,DZ2157,DZ2157,VER
2023-04-29 11:01:40.000,-22.4472413863564,148.43371079268525,144.895,92.266,272.2661,1.72,DZ2157,DZ2157,VER
2023-04-29 11:01:47.000,-22.44723781479388,148.43365676495347,144.962,282.39,262.31073,0.886,DZ2157,DZ2157,VER
2023-04-29 11:01:52.000,-22.447238439409976,148.4336017990725,144.638,271.387,82.31073,1.354,DZ2157,DZ2157,VER
2023-04-29 11:02:00.000,-22.44723821913484,148.4335530134105,143.204,270.85,82.31073,0.706,DZ2157,DZ2157,VER
2023-04-29 11:02:06.000,-22.447235469869664,148.43350416030006,143.234,264.301,262.31073,0.863,DZ2157,DZ2157,VER
2023-04-29 11:02:14.000,-22.447236109817116,148.43345185183387,143.35,267.923,262.31073,0.842,DZ2157,DZ2157,VER
2023-04-29 11:02:24.000,-22.447240165636565,148.4334000825024,141.923,270.546,262.31073,0.633,DZ2157,DZ2157,VER
2023-04-29 11:02:32.000,-22.44724369061261,148.43335111017734,140.978,263.489,262.31073,0.768,DZ2157,DZ2157,VER
2023-04-29 11:02:41.000,-22.447245276529806,148.43330057603825,140.343,268.481,82.31073,0.515,DZ2157,DZ2157,VER
2023-04-29 11:02:48.000,-22.447244486004934,148.43324000335807,140.922,270.413,262.31073,1.109,DZ2157,DZ2157,VER
2023-04-29 11:02:58.000,-22.44724346074375,148.4331832950007,141.301,277.397,262.31073,0.97,DZ2157,DZ2157,VER
2023-04-29 11:03:04.000,-22.447243656435493,148.43313278855507,141.249,266.458,262.31073,0.76,DZ2157,DZ2157,VER
2023-04-29 11:03:12.000,-22.447243476914945,148.43308315962875,141.297,281.403,262.31073,0.225,DZ2157,DZ2157,VER
2023-04-29 11:03:23.000,-22.4472461397717,148.43302885480506,141.186,269.962,262.31073,0.592,DZ2157,DZ2157,VER
2023-04-29 11:03:31.000,-22.447248237645592,148.4329802401708,140.964,273.832,262.31073,0.48,DZ2157,DZ2157,VER
2023-04-29 11:03:39.000,-22.44724680405388,148.43293004481782,140.955,274.902,262.31073,0.445,DZ2157,DZ2157,VER
2023-04-29 11:03:59.000,-22.447247986717308,148.43287656068762,140.821,262.491,262.31073,0.777,DZ2157,DZ2157,VER
2023-04-29 11:04:05.000,-22.44724710273764,148.4328985445999,140.508,92.013,84.14164,1.421,DZ2157,DZ2157,VER
2023-04-29 11:04:11.000,-22.447250384392607,148.43295285362257,140.231,89.002,264.14163,1.355,DZ2157,DZ2157,VER
2023-04-29 11:04:14.000,-22.447247595904294,148.43300897064896,139.591,86.677,264.14163,1.345,DZ2157,DZ2157,VER
2023-04-29 11:04:19.000,-22.447244344631223,148.43306008947673,139.284,80.316,264.14163,1.249,DZ2157,DZ2157,VER
2023-04-29 11:04:24.000,-22.447240043875546,148.43311656812398,139.755,86.074,264.14163,1.07,DZ2157,DZ2157,VER
2023-04-29 11:04:29.000,-22.44723932323441,148.43317490946967,140.708,91.757,264.14163,1.419,DZ2157,DZ2157,VER
2023-04-29 11:04:33.000,-22.44723802871981,148.43322604897384,141.238,93.48,264.14163,1.414,DZ2157,DZ2157,VER
2023-04-29 11:04:37.000,-22.447242131055276,148.4332818251105,140.479,98.956,264.14163,1.2,DZ2157,DZ2157,VER
2023-04-29 11:04:42.000,-22.44724745231337,148.43334998857586,140.389,89.344,264.14163,1.276,DZ2157,DZ2157,VER
2023-04-29 11:04:48.000,-22.44724409391829,148.43340824922862,140.896,94.838,264.14163,1.023,DZ2157,DZ2157,VER
2023-04-29 11:04:53.000,-22.447241630530822,148.43346270514283,142.263,80.55,264.14163,1.207,DZ2157,DZ2157,VER
2023-04-29 11:04:56.000,-22.447237565995387,148.43351450359913,143.117,82.285,264.14163,1.179,DZ2157,DZ2157,VER
2023-04-29 11:05:02.000,-22.447234505521877,148.43357030381833,144.226,89.747,264.14163,1,DZ2157,DZ2157,VER
2023-04-29 11:05:06.000,-22.447234407401005,148.43362791627655,144.723,93.003,264.14163,1.218,DZ2157,DZ2157,VER
2023-04-29 11:05:09.000,-22.447231827811514,148.43362020444172,145.336,270.243,90.24396,1.53,DZ2157,DZ2157,VER
2023-04-29 11:05:15.000,-22.44723123271977,148.43356525856487,144.815,269.868,270.24396,0.655,DZ2157,DZ2157,VER
2023-04-29 11:05:25.000,-22.447228821921026,148.43351216876167,143.575,274.469,270.24396,0.673,DZ2157,DZ2157,VER
2023-04-29 11:05:32.000,-22.447230278903838,148.4334611597523,143.551,267.541,270.24396,1.132,DZ2157,DZ2157,VER
2023-04-29 11:05:41.000,-22.44723265428166,148.4334115550785,142.915,268.789,90.24396,0.541,DZ2157,DZ2157,VER
2023-04-29 11:05:48.000,-22.447235501369033,148.4333578507404,142.466,264.475,270.24396,0.833,DZ2157,DZ2157,VER
2023-04-29 11:05:58.000,-22.44723849659702,148.43330497622185,141.637,263.654,270.24396,0.603,DZ2157,DZ2157,VER
2023-04-29 11:06:05.000,-22.447240803784695,148.43325311072186,141.228,264.248,270.24396,0.772,DZ2157,DZ2157,VER
2023-04-29 11:06:12.000,-22.44724327687929,148.4332005339333,141.586,265.016,270.24396,0.96,DZ2157,DZ2157,VER
2023-04-29 11:06:17.000,-22.447244762120608,148.43315164995332,141.66,267.438,270.24396,0.838,DZ2157,DZ2157,VER
2023-04-29 11:06:23.000,-22.447244446388673,148.43309811393004,141.613,284.522,270.24396,0.556,DZ2157,DZ2157,VER
2023-04-29 11:06:33.000,-22.44723978576784,148.43304535724758,142.915,271.779,270.24396,0.726,DZ2157,DZ2157,VER
2023-04-29 11:06:41.000,-22.44723835912597,148.4329959706867,142.826,276.805,270.24396,0.69,DZ2157,DZ2157,VER
2023-04-29 11:06:50.000,-22.447236642448306,148.43294767731655,141.95,273.129,270.24396,0.597,DZ2157,DZ2157,VER
2023-04-29 11:07:04.000,-22.44724001940248,148.43289866494285,141.281,256.799,270.24396,0.628,DZ2157,DZ2157,VER
2023-04-29 11:07:18.000,-22.447252176406767,148.43284456696964,140.091,265.074,270.24396,1.154,DZ2157,DZ2157,VER
2023-04-29 11:07:22.000,-22.447250146146914,148.43289244608548,138.881,81.61,89.34599,1.009,DZ2157,DZ2157,VER
2023-04-29 11:07:29.000,-22.447241672387673,148.43294667412835,138.795,79.979,269.346,1.403,DZ2157,DZ2157,VER
2023-04-29 11:07:39.000,-22.44724671834022,148.43289665235974,138.804,283.862,283.86234,0.591,DZ2157,DZ2157,VER
2023-04-29 11:07:48.000,-22.44724070072698,148.4328469052955,140.155,277.154,277.15466,0.701,DZ2157,DZ2157,VER
2023-04-29 11:08:15.000,-22.447247181633745,148.43279799193502,142.085,272.498,265.76917,1.181,DZ2157,DZ2157,VER
2023-04-29 11:08:18.000,-22.4472480218356,148.43281745586367,141.807,92.731,92.73101,1.734,DZ2157,DZ2157,VER
2023-04-29 11:08:21.000,-22.44724762660226,148.4328651434675,140.761,89.413,272.73102,2.003,DZ2157,DZ2157,VER
2023-04-29 11:08:26.000,-22.447250860813615,148.43292189073657,140.365,99.918,272.73102,2.294,DZ2157,DZ2157,VER
2023-04-29 11:08:33.000,-22.447247814488257,148.4328702153348,140.841,268.454,277.00684,0.793,DZ2157,DZ2157,VER
2023-04-29 11:08:40.000,-22.44724942622524,148.43281672881918,142.112,263.898,277.00684,0.936,DZ2157,DZ2157,VER
2023-04-29 11:08:46.000,-22.447250328109128,148.43283388917166,141.791,84.925,92.72121,1.647,DZ2157,DZ2157,VER
2023-04-29 11:08:50.000,-22.447249801942295,148.43289120599042,140.728,94.643,272.7212,0.963,DZ2157,DZ2157,VER
2023-04-29 11:08:55.000,-22.44724702783766,148.43294743560057,140.398,90.578,272.7212,1.16,DZ2157,DZ2157,VER
2023-04-29 11:08:59.000,-22.44724498708919,148.43300478928026,139.478,80.307,272.7212,1.387,DZ2157,DZ2157,VER
2023-04-29 11:09:02.000,-22.4472425693952,148.43305336322973,139.078,91.571,272.7212,1.209,DZ2157,DZ2157,VER
2023-04-29 11:09:07.000,-22.447247555654904,148.43310811384296,139.497,90.035,272.7212,1.088,DZ2157,DZ2157,VER
2023-04-29 11:09:12.000,-22.447242473462456,148.43315735558153,140.047,88.892,272.7212,1.287,DZ2157,DZ2157,VER
2023-04-29 11:09:16.000,-22.447242867205123,148.4332088721275,140.413,93.258,272.7212,1.282,DZ2157,DZ2157,VER
2023-04-29 11:09:20.000,-22.44724174929829,148.43326111082285,140.241,95.643,272.7212,1.384,DZ2157,DZ2157,VER
2023-04-29 11:09:24.000,-22.447241691080784,148.43331927611246,139.89,89.25,272.7212,1.267,DZ2157,DZ2157,VER
2023-04-29 11:09:36.000,-22.447240664454778,148.43326664354868,139.851,273.426,277.25507,0.815,DZ2157,DZ2157,VER
2023-04-29 11:09:44.000,-22.447238627541665,148.4332105384302,140.397,271.425,277.25507,0.725,DZ2157,DZ2157,VER
2023-04-29 11:09:49.000,-22.44724025366429,148.43315555038885,140.59,269.277,277.25507,1.071,DZ2157,DZ2157,VER
2023-04-29 11:09:56.000,-22.447240261434068,148.43310202523318,140.849,288.682,277.25507,0.847,DZ2157,DZ2157,VER
2023-04-29 11:10:05.000,-22.4472383273803,148.43304748192097,141.001,271.458,277.25507,0.73,DZ2157,DZ2157,VER
2023-04-29 11:10:12.000,-22.447241348839782,148.43299347626544,140.898,268.419,277.25507,0.859,DZ2157,DZ2157,VER
2023-04-29 11:10:19.000,-22.447243735121617,148.43294253105407,140.887,271.015,277.25507,0.807,DZ2157,DZ2157,VER
2023-04-29 11:10:27.000,-22.44724630253234,148.43289130352028,141.247,270.838,277.25507,0.472,DZ2157,DZ2157,VER
2023-04-29 11:10:36.000,-22.4472490443999,148.43284266188542,141.297,269.424,277.25507,0.833,DZ2157,DZ2157,VER
2023-04-29 11:10:47.000,-22.44725075587419,148.4327900959992,141.912,275.337,277.25507,0.86,DZ2157,DZ2157,VER
2023-04-29 11:10:57.000,-22.4472501818846,148.43283858819518,141.438,85.552,278.25333,1.398,DZ2157,DZ2157,VER
2023-04-29 11:11:02.000,-22.4472487258569,148.43289979422653,140.23,95.668,278.25333,1.757,DZ2157,DZ2157,VER
2023-04-29 11:11:07.000,-22.447246848108836,148.4329539177224,139.87,88.913,278.25333,1.333,DZ2157,DZ2157,VER
2023-04-29 11:11:10.000,-22.447246855128967,148.43300648960155,139.396,90.303,278.25333,1.314,DZ2157,DZ2157,VER
2023-04-29 11:11:15.000,-22.447246272970606,148.43306786580055,139.5,90.899,278.25333,1.333,DZ2157,DZ2157,VER
2023-04-29 11:11:19.000,-22.447246876101712,148.43311610937337,140.15,95.79,278.25333,1.056,DZ2157,DZ2157,VER
2023-04-29 11:11:24.000,-22.44724436087849,148.4331643069911,140.877,88.443,278.25333,1.561,DZ2157,DZ2157,VER
2023-04-29 11:11:28.000,-22.44724122908164,148.43321764450673,140.957,89.665,278.25333,1.16,DZ2157,DZ2157,VER
2023-04-29 11:11:32.000,-22.44724230270867,148.4332668736104,140.774,92.825,278.25333,1.357,DZ2157,DZ2157,VER
2023-04-29 11:11:37.000,-22.447241407081933,148.4333272186508,140.883,93.653,278.25333,1.249,DZ2157,DZ2157,VER
2023-04-29 11:11:40.000,-22.4472376423518,148.43337738699137,140.897,81.991,278.25333,1.092,DZ2157,DZ2157,VER
2023-04-29 11:11:45.000,-22.44723535429403,148.43343432818352,141.772,92.885,278.25333,0.98,DZ2157,DZ2157,VER
2023-04-29 11:11:48.000,-22.44723584044488,148.43349194067494,142.296,89.216,278.25333,1.229,DZ2157,DZ2157,VER
2023-04-29 11:11:54.000,-22.447236983892676,148.4335421756034,143.064,92.544,278.25333,1.043,DZ2157,DZ2157,VER
2023-04-29 11:12:00.000,-22.44723555908789,148.4335923705183,143.995,105.99,278.25333,0.723,DZ2157,DZ2157,VER
2023-04-29 11:12:06.000,-22.447237383490346,148.43354349718223,142.433,261.917,263.0302,0.349,DZ2157,DZ2157,VER
2023-04-29 11:12:15.000,-22.447235710315542,148.43349491491043,140.969,273.974,263.0302,0.53,DZ2157,DZ2157,VER
2023-04-29 11:12:22.000,-22.447231096779326,148.43344636267597,141.63,272.198,263.0302,0.885,DZ2157,DZ2157,VER
2023-04-29 11:12:29.000,-22.447234313816644,148.43339240684028,141.71,268.92,263.0302,0.741,DZ2157,DZ2157,VER
2023-04-29 11:12:37.000,-22.44723218001132,148.43333833910467,142.125,274.136,263.0302,0.714,DZ2157,DZ2157,VER
2023-04-29 11:12:44.000,-22.447233950035148,148.43328757137832,142.201,269.681,263.0302,0.615,DZ2157,DZ2157,VER
2023-04-29 11:12:52.000,-22.44723488823402,148.43323420686923,142.263,270.695,263.0302,0.725,DZ2157,DZ2157,VER
2023-04-29 11:12:59.000,-22.447236871030064,148.43317687633947,142.544,270.572,263.0302,0.877,DZ2157,DZ2157,VER
2023-04-29 11:13:05.000,-22.447239462507,148.4331266631134,142.53,268.124,263.0302,0.839,DZ2157,DZ2157,VER
2023-04-29 11:13:13.000,-22.44723808436798,148.43307266238637,142.454,269.63,263.0302,0.764,DZ2157,DZ2157,VER
2023-04-29 11:13:20.000,-22.447239652513247,148.43302014558142,142.348,265.308,263.0302,0.613,DZ2157,DZ2157,VER
2023-04-29 11:13:30.000,-22.447240476453516,148.43296596738136,142.258,269.502,263.0302,0.796,DZ2157,DZ2157,VER
2023-04-29 11:13:37.000,-22.44724270163646,148.43291308861592,142.055,268.911,263.0302,0.692,DZ2157,DZ2157,VER
2023-04-29 11:13:48.000,-22.447247992303723,148.432863759171,141.291,267.791,263.0302,0.528,DZ2157,DZ2157,VER
2023-04-29 11:13:57.000,-22.447250287876997,148.43281121535395,141.462,264.797,263.0302,0.671,DZ2157,DZ2157,VER
2023-04-29 11:14:12.000,-22.44725352190989,148.4328639004143,139.338,89.065,261.31866,1.657,DZ2157,DZ2157,VER
2023-04-29 11:14:16.000,-22.447251536508663,148.43291211345212,138.665,86.638,261.31866,1.202,DZ2157,DZ2157,VER
2023-04-29 11:14:21.000,-22.447253044336787,148.4328600750364,139.387,271.417,263.9328,0.902,DZ2157,DZ2157,VER
2023-04-29 11:14:27.000,-22.447254361899752,148.43281146709228,140.082,270.743,263.9328,0.853,DZ2157,DZ2157,VER
2023-04-29 11:14:37.000,-22.447252568169343,148.43276359993055,141.243,267.212,263.9328,0.655,DZ2157,DZ2157,VER
2023-04-29 11:14:46.000,-22.447251065117904,148.43282759497288,140.808,80.933,263.43146,1.352,DZ2157,DZ2157,VER
2023-04-29 11:14:51.000,-22.447253379927705,148.43288636484908,139.559,89.233,263.43146,1.309,DZ2157,DZ2157,VER
2023-04-29 11:14:55.000,-22.447254222594523,148.43293676081333,139.019,90.343,263.43146,1.619,DZ2157,DZ2157,VER
2023-04-29 11:14:59.000,-22.447250619217957,148.43298967466689,138.649,85.215,263.43146,1.384,DZ2157,DZ2157,VER
